{
 "scenario": "AM",
 "nodes": 33963,
 "links": 75939,
 "zones": 3247,
 "demand_classes": {
  "sov": 380721.70200000005,
  "hov2": 52824.07899999998,
  "hov3": 25251.345999999998
 },
 "demand_total": 458797.12700000004,
 "od_pairs": 1039117,
 "self_od_dropped": 0,
 "unmapped_zone_od_dropped": 0,
 "duplicate_links": 4,
 "nonpositive_speed_links": 0,
 "nonpositive_capacity_links": 0
}