round,objective,full_relative_gap,n_columns,seconds
1,1949750.8410120155,2.4269666819553653e-05,300000,48.8121823000256
