round,objective,full_relative_gap,n_columns,seconds
1,2763146.9341723286,0.00012125790279033242,1039117,63.95604709995678
2,2763054.6244911286,4.396909259154561e-07,1063642,112.80958379997173
